date,D_days,tau,n_strikes,alpha,rho,nu,vol_rmse
2023-02-02,1,0.0027397260273972,55,0.29999164248009536,0.999,5.0,0.13858639049043792
2023-02-02,4,0.010958904109589,34,0.16558239260291144,0.6395505076033752,5.0,0.030178578988465207
2023-02-02,5,0.0136986301369863,40,0.15982669817862374,0.3378277255515911,5.0,0.024692855342862568
2023-02-02,6,0.0164383561643835,44,0.16316805647474686,0.2922469938837637,3.940875011212437,0.016553105775973537
2023-02-02,7,0.0191780821917808,50,0.16140388415889925,0.21790857678433187,4.105149374348463,0.018938604497560702
2023-02-02,8,0.021917808219178,69,0.1496391166990852,0.07867412052521298,4.698459026996694,0.02024838593013271
2023-02-02,11,0.0301369863013698,56,0.14654470844544393,0.2012076983957841,3.0284155568487026,0.012978994083593919
2023-02-02,12,0.0328767123287671,63,0.16806923481791147,0.2043231190094803,2.7570226365139607,0.016823505883882296
2023-02-02,13,0.0356164383561643,64,0.17124321561453099,0.23173337634410635,1.9163324823713868,0.013808111907554951
2023-02-02,14,0.0383561643835616,71,0.17309620431107256,0.08242593050247354,2.240174084850324,0.01309684510780359
2023-02-02,15,0.0410958904109589,352,0.13287048932837608,-0.15005307046458813,4.375317694336337,0.031879489536215076
2023-02-02,19,0.0520547945205479,66,0.15625071462304477,0.042681249527531,1.9871279510011068,0.011426309789930861
2023-02-02,20,0.0547945205479452,77,0.15731373743920624,-0.07068063626099486,1.6947126312856045,0.009234088706499909
2023-02-02,21,0.0575342465753424,63,0.15234835582334258,-0.20018862828461897,2.4352421721212765,0.006338026296134043
2023-02-02,22,0.0602739726027397,113,0.15532396044953797,-0.11850571502816136,2.086021328305053,0.011846290984193777
2023-02-02,25,0.0684931506849315,86,0.1521872780448247,-0.10327245971508624,1.737031506462573,0.010670844759694128
2023-02-02,26,0.0712328767123287,157,0.14426629326539575,-0.21590998046979784,1.8679778533903881,0.011491426340805168
2023-02-02,27,0.073972602739726,44,0.15054213929497312,-0.2550104325683123,1.7933155819633737,0.008053069181636887
2023-02-02,28,0.0767123287671232,48,0.1528785654415063,-0.2522272149415486,1.890664990770117,0.00862596648475596
2023-02-02,29,0.0794520547945205,117,0.15313526714088213,-0.296416493374385,1.785034719564015,0.009539118152892693
2023-02-02,32,0.0876712328767123,88,0.14794102726228836,-0.2778675516074731,1.8757863478400925,0.006805967784787926
2023-02-02,36,0.0986301369863013,82,0.1554910971689612,-0.3778134355946112,1.7499700709247812,0.009470632065059723
2023-02-02,43,0.1178082191780822,502,0.14767240921086694,-0.2695278948421353,2.1347821924819015,0.018963909301425247
2023-02-02,50,0.136986301369863,65,0.16949775424353114,-0.48891800288767906,1.441633029885297,0.009095058417118173
2023-02-02,57,0.1561643835616438,285,0.16267013779365802,-0.4326451062041736,1.544905891044086,0.014453037504597708
2023-02-02,78,0.2136986301369863,490,0.1620337083349062,-0.5167603892139835,1.5634548267387718,0.010060830416136446
2023-02-02,85,0.2328767123287671,272,0.16380327067792205,-0.6446359601681187,1.4863129282088108,0.004800801788163879
2023-02-02,106,0.2904109589041095,459,0.16645224536585632,-0.5658436187850374,1.3084260084217694,0.011760614670594983
2023-02-02,118,0.3232876712328767,139,0.16650674460537496,-0.6871710271667436,1.1949050922857818,0.005808567282657881
2023-02-02,134,0.3671232876712328,438,0.1690585860021564,-0.6261750985900912,1.18470863975291,0.008921884890740979
2023-02-02,148,0.4054794520547945,292,0.17113232672720824,-0.7225142290155855,1.1309693465253856,0.006621196246528211
2023-02-02,169,0.4630136986301369,186,0.17212459426667104,-0.6996055842991663,1.1201026827845235,0.006591556198827052
2023-02-02,179,0.4904109589041096,123,0.17610479097129952,-0.7708189809836808,0.9698915985860113,0.007996796211834762
2023-02-02,197,0.5397260273972603,117,0.17370519739589985,-0.7079434119227543,0.9807806528311327,0.01115837121783009
2023-02-03,3,0.0082191780821917,51,0.1244839305343184,0.8289055847947656,5.0,0.059555340989512186
2023-02-03,4,0.010958904109589,70,0.14713468475779892,0.30513380755062147,5.0,0.03369647427513726
2023-02-03,5,0.0136986301369863,81,0.14593847000491786,0.06907317339211971,5.0,0.01733597914193157
2023-02-03,6,0.0164383561643835,101,0.15462687936433367,-0.16752618449066886,5.0,0.019834875571369422
2023-02-03,7,0.0191780821917808,103,0.1473825121195155,-0.020637827518451404,5.0,0.02109752266991899
2023-02-03,10,0.0273972602739726,86,0.1369191769604095,0.08037349639606423,3.478348218816279,0.015386129106358159
2023-02-03,11,0.0301369863013698,90,0.16449942044035268,0.03959358783778753,3.2428032869023258,0.015458544636189196
2023-02-03,12,0.0328767123287671,94,0.16852739646352882,-0.037282995564250736,2.2970574944936453,0.012873350448168073
2023-02-03,13,0.0356164383561643,105,0.16852540353462592,-0.20573001237148633,3.0677509909641474,0.0077181023134719785
2023-02-03,14,0.0383561643835616,411,0.13333087033546154,-0.1832558419363843,4.600779192166955,0.035153244216158425
2023-02-03,18,0.0493150684931506,85,0.15670298933963572,-0.22460988679750635,2.479261006652568,0.008749543646088546
2023-02-03,19,0.0520547945205479,96,0.15705246020291985,-0.31093082510158243,2.4107618609770665,0.005375095447525771
2023-02-03,20,0.0547945205479452,82,0.15753336405504645,-0.35169541727236553,2.7167988571673125,0.004748168087505118
2023-02-03,21,0.0575342465753424,144,0.15792841734731725,-0.3219072152091387,2.526033147623945,0.006929224379248202
2023-02-03,24,0.0657534246575342,99,0.15221055420241827,-0.3540701937345734,2.3794643062526917,0.004980115706330946
2023-02-03,25,0.0684931506849315,184,0.15029630305707678,-0.3736653466590499,2.174428648899389,0.007556012537395289
2023-02-03,26,0.0712328767123287,81,0.1541451376852313,-0.4135392748145893,2.203421389670032,0.003774024812964471
2023-02-03,27,0.073972602739726,52,0.15508572449540717,-0.39751971108462936,2.3344577748638233,0.0052641639790728546
2023-02-03,28,0.0767123287671232,141,0.15640869608140698,-0.42941718229460785,2.1964676705606823,0.004394073640612452
2023-02-03,31,0.084931506849315,100,0.15121687864904676,-0.4252028459404962,2.220285382846275,0.0037488996676067763
2023-02-03,35,0.0958904109589041,95,0.15786975761787309,-0.45791772036173367,2.180198541984712,0.003957190425059853
2023-02-03,38,0.1041095890410958,48,0.15456929934251812,-0.4847391645046847,2.085551788910262,0.0026315349428681785
2023-02-03,42,0.1150684931506849,592,0.15395656161903007,-0.3697062593588808,2.260262301690387,0.016705235634777417
2023-02-03,49,0.1342465753424657,70,0.170052017544735,-0.5697241597455889,1.854171609156714,0.002165305578409222
2023-02-03,56,0.1534246575342465,330,0.16636378142398134,-0.5422763595916359,1.8547853582808822,0.005751446668441778
2023-02-03,77,0.210958904109589,528,0.16402660766632213,-0.6060394741473915,1.846643486280984,0.004986536909935415
2023-02-03,84,0.2301369863013698,280,0.16444361772849803,-0.6174775487763857,1.8148298780312075,0.005260972322667622
2023-02-03,105,0.2876712328767123,488,0.1680413770037679,-0.6409116421204136,1.5842780931130205,0.00439544289093805
2023-02-03,117,0.3205479452054794,147,0.1688065614562663,-0.6687506015611929,1.4135677063504937,0.0014418455912986522
2023-02-03,133,0.3643835616438356,455,0.17169286287379512,-0.6765560533040134,1.4029997999536903,0.0039091928429841865
2023-02-03,147,0.4027397260273972,305,0.17041780616048338,-0.6700125958558149,1.401414277244563,0.004633271357720417
2023-02-03,168,0.4602739726027397,194,0.17201500757779742,-0.7113654608467244,1.3818986655650844,0.006779279297664975
2023-02-03,178,0.4876712328767123,125,0.17212180200775787,-0.6834952785572126,1.3368170425858663,0.005173904220309474
2023-02-03,196,0.536986301369863,120,0.17542907368272878,-0.7219406043302968,1.205945242847877,0.003738425869187927
2023-02-06,1,0.0027397260273972,77,0.26122290786558433,0.999,5.0,0.1484691260510225
2023-02-06,2,0.0054794520547945,73,0.2014882799246091,0.4898498843313852,5.0,0.054325953347103904
2023-02-06,3,0.0082191780821917,157,0.28633096782929435,-0.7573629753401186,5.0,0.20241415470882274
2023-02-06,4,0.010958904109589,81,0.19012628197761997,0.31805360768327673,5.0,0.047022921247992795
2023-02-06,7,0.0191780821917808,85,0.1402795239716938,-0.015591196956478199,4.682633473979702,0.020541850065305234
2023-02-06,8,0.021917808219178,104,0.17504975392664368,-0.05672066036584542,3.9864974571535146,0.02213321048807589
2023-02-06,9,0.0246575342465753,100,0.1816951095962382,-0.048894913538296544,2.787042268986451,0.015972702339256798
2023-02-06,10,0.0273972602739726,122,0.18001320350118466,-0.13727437171656265,3.4048124483778546,0.017864205194106655
2023-02-06,11,0.0301369863013698,422,0.14907677024072813,-0.13563070113547965,5.0,0.042677683220113664
2023-02-06,15,0.0410958904109589,104,0.16102337192361696,-0.18457000780114513,2.8999055257665183,0.013341775723173107
2023-02-06,16,0.0438356164383561,105,0.1668818854294074,-0.28146319062366065,2.350640181845834,0.008254933908456042
2023-02-06,17,0.0465753424657534,102,0.16490035338841244,-0.30229415232642204,2.886512449844559,0.009952658345672537
2023-02-06,18,0.0493150684931506,153,0.16693304389717745,-0.2960553527521505,2.385358860441431,0.014188620651224369
2023-02-06,21,0.0575342465753424,109,0.15948516612890193,-0.32777082243597083,2.3683340170097313,0.008012792338126596
2023-02-06,22,0.0602739726027397,191,0.15657459914997485,-0.2933514030596952,2.1203320732749176,0.015294448407194577
2023-02-06,23,0.0630136986301369,91,0.1627842357910296,-0.3818325000907549,2.053792927987768,0.00900412751585964
2023-02-06,24,0.0657534246575342,90,0.16281202938589245,-0.3244869998343228,2.2090258540817334,0.013718460429587326
2023-02-06,25,0.0684931506849315,153,0.16540566551712407,-0.4336777379427708,2.0063420306447535,0.009093237730920158
2023-02-06,28,0.0767123287671232,111,0.15917333247903676,-0.4110333435366101,2.1226115596257045,0.0065254372464191
2023-02-06,29,0.0794520547945205,54,0.1583829273789428,-0.3008512472363914,1.942621387012849,0.012917854984221839
2023-02-06,32,0.0876712328767123,101,0.16767199711516484,-0.4357187052722534,1.966409686666765,0.012807309454447467
2023-02-06,35,0.0958904109589041,54,0.16515080484457573,-0.41688342523231114,1.7459905623223575,0.009210187047642735
2023-02-06,39,0.1068493150684931,600,0.1587692375091045,-0.3382183838131327,2.2630393835170532,0.02173039015949356
2023-02-06,46,0.1260273972602739,71,0.1801066637635787,-0.5676799350882735,1.7318100041511955,0.005255913889404211
2023-02-06,53,0.1452054794520547,346,0.17341679553409348,-0.5452840906091998,1.808882226303604,0.009967018333739081
2023-02-06,74,0.2027397260273972,548,0.17256553412434134,-0.592783675897849,1.7235795171935466,0.010954877111873948
2023-02-06,81,0.2219178082191781,285,0.17369560017037292,-0.6573071259633532,1.6799652833903478,0.0038141834157402743
2023-02-06,102,0.2794520547945205,505,0.1747930469645192,-0.6316598324236664,1.5000876578618987,0.007391944785394845
2023-02-06,114,0.3123287671232876,160,0.17574539658005162,-0.6969262350256819,1.3359825572861583,0.004935387011313934
2023-02-06,130,0.3561643835616438,471,0.17785252054898865,-0.6750067473134039,1.3229370140867438,0.00616054818319062
2023-02-06,144,0.3945205479452054,320,0.17836953504629227,-0.71138189419905,1.315014075981885,0.005210240804506519
2023-02-06,165,0.4520547945205479,204,0.17947537002181035,-0.7229094819387829,1.2987114331777814,0.005813496865127085
2023-02-06,175,0.4794520547945205,127,0.1748251238607795,-0.6739527120528193,1.3897433513496729,0.007333996237653727
2023-02-06,193,0.5287671232876713,122,0.18068343147918126,-0.7310628212733109,1.179327345717668,0.004689324746945746
2023-02-07,1,0.0027397260273972,130,0.5076223739597896,-0.9360787546160453,5.0,0.32870302734065987
2023-02-07,2,0.0054794520547945,155,0.47160684203384556,-0.9372907815405014,5.0,0.33168085765625305
2023-02-07,3,0.0082191780821917,181,0.3752146017627055,-0.8617879971554624,5.0,0.1799786919097992
2023-02-07,6,0.0164383561643835,107,0.17251609330983173,-0.49028351333694764,5.0,0.03226527186678519
2023-02-07,7,0.0191780821917808,113,0.19115605151150364,-0.38368021656483803,5.0,0.01817960489785095
2023-02-07,8,0.021917808219178,111,0.18082605366653393,-0.39421582438545044,4.771166155083253,0.009133443392888137
2023-02-07,9,0.0246575342465753,128,0.18440517551840074,-0.4639578366179727,5.0,0.015170073802545717
2023-02-07,10,0.0273972602739726,459,0.18350763009665985,-0.2592379706479743,5.0,0.046595642666712775
2023-02-07,14,0.0383561643835616,106,0.15847451266977164,-0.37359911615315156,3.8018235731507946,0.007657731642520139
2023-02-07,15,0.0410958904109589,107,0.1612370597066126,-0.43906821124021517,3.5519842957995906,0.0062878006648345
2023-02-07,16,0.0438356164383561,107,0.15741577802353507,-0.4829701636854426,4.19665029762546,0.013706284837792496
2023-02-07,17,0.0465753424657534,166,0.15684699953517056,-0.5017951406255189,4.110798373958735,0.011689963287696416
2023-02-07,20,0.0547945205479452,111,0.15404675790234273,-0.4569241801310515,3.2158834478928173,0.006304420031521939
2023-02-07,21,0.0575342465753424,202,0.1528186054705254,-0.5192978231719999,3.274911262958822,0.007474766039680978
2023-02-07,22,0.0602739726027397,93,0.1560538902222019,-0.4865299122066431,3.0698911793254147,0.005990437357296572
2023-02-07,23,0.0630136986301369,93,0.15546012131813175,-0.5149062077997635,3.335493784225077,0.009715996403109472
2023-02-07,24,0.0657534246575342,156,0.1568578201595744,-0.5218770651445771,3.2122585165010533,0.007098086781030155
2023-02-07,27,0.073972602739726,113,0.15249250897006333,-0.4969498864609307,2.8591530703092034,0.0057758492131066265
2023-02-07,28,0.0767123287671232,56,0.1533619694124125,-0.549162570522622,2.989446436190781,0.007252618877390999
2023-02-07,29,0.0794520547945205,49,0.15516615413291138,-0.5583089659151074,2.804132067947003,0.004741190836331957
2023-02-07,31,0.084931506849315,137,0.15914513298864294,-0.5296145432060361,2.848786597334382,0.006846314036131721
2023-02-07,34,0.0931506849315068,55,0.15605273425544552,-0.570788534654235,2.6352926396494047,0.005191646819164047
2023-02-07,38,0.1041095890410958,632,0.15690457682613268,-0.5305128672849412,2.8306082284642957,0.013187853760719072
2023-02-07,45,0.1232876712328767,89,0.16929149846844485,-0.6002401257779068,2.436747563642969,0.007039871971944062
2023-02-07,52,0.1424657534246575,352,0.16583329129734625,-0.6242140685738959,2.3770719149328623,0.008815398767108022
2023-02-07,73,0.2,572,0.15850765650046297,-0.6655575826727783,2.362728190239883,0.018891375793167582
2023-02-07,80,0.2191780821917808,291,0.14390315594078917,-0.5126214124143308,2.5842460228665356,0.024035841760410508
2023-02-07,101,0.2767123287671232,519,0.16702274681942492,-0.6821093055488552,1.8514786228569804,0.010579742587490075
2023-02-07,113,0.3095890410958904,161,0.16332001178411376,-0.6382539756529982,1.7737440272517806,0.009275141373316913
2023-02-07,129,0.3534246575342465,480,0.16854296506207567,-0.706025654272727,1.6856237754919579,0.012418542751636974
2023-02-07,143,0.3917808219178082,322,0.157192481613294,-0.5548187882100003,1.8087834392762498,0.016123487874372018
2023-02-07,164,0.4493150684931506,208,0.1434503754935931,-0.592241288385075,2.007190338549493,0.03775519452534444
2023-02-07,174,0.4767123287671233,127,0.16403404255589898,-0.6162482915096982,1.629467032958473,0.012439876774407329
2023-02-07,192,0.5260273972602739,127,0.1425210302986683,-0.6475954359479832,1.7881954528342818,0.03568697610654969
2023-02-08,1,0.0027397260273972,153,0.5602773592411947,-0.8862745670245262,5.0,0.4029560070582361
2023-02-08,2,0.0054794520547945,197,0.487909394171257,-0.9127799013255878,5.0,0.32011311722458075
2023-02-08,5,0.0136986301369863,153,0.2600287109744922,-0.8941372047037601,5.0,0.1994254824310742
2023-02-08,6,0.0164383561643835,139,0.2697281910136125,-0.8060294504859294,5.0,0.1674769520803712
2023-02-08,7,0.0191780821917808,128,0.19187560725392377,-0.2120725865848448,3.753433535879165,0.013926063157149096
2023-02-08,8,0.021917808219178,148,0.2565498891629908,-0.7916919847068457,5.0,0.15701913484649635
2023-02-08,9,0.0246575342465753,556,0.21769455317908523,-0.3334713129848556,5.0,0.06864823539877765
2023-02-08,13,0.0356164383561643,116,0.16686451109177627,-0.29838684102061996,3.485491521574472,0.011298774400514912
2023-02-08,14,0.0383561643835616,117,0.16787426667130015,-0.39098475541855476,3.521938185193767,0.010022534065375472
2023-02-08,15,0.0410958904109589,122,0.1785856862006841,-0.5924852368133968,5.0,0.06433546218386106
2023-02-08,16,0.0438356164383561,190,0.14856778321881192,-0.43475755412507067,4.631067811591138,0.0247072635997081
2023-02-08,19,0.0520547945205479,120,0.1627831780456947,-0.4242818655160678,3.0316547126484856,0.007430646765634058
2023-02-08,20,0.0547945205479452,273,0.16061553546345084,-0.4701026892897013,2.896087232686895,0.010547879956014137
2023-02-08,21,0.0575342465753424,100,0.1692957315483847,-0.4818292122984951,2.464733543458697,0.009577013041015712
2023-02-08,22,0.0602739726027397,98,0.16868582432299833,-0.4206552383677909,2.608521397098823,0.01163406356698775
2023-02-08,23,0.0630136986301369,169,0.1658358386398834,-0.5217789805392159,2.892787668248968,0.008836664891545392
2023-02-08,26,0.0712328767123287,119,0.16340091041341545,-0.477612082320723,2.4720284387042653,0.005788995492276355
2023-02-08,27,0.073972602739726,60,0.16281306634306458,-0.4860528306190289,2.620971303323669,0.007368151127825491
2023-02-08,28,0.0767123287671232,54,0.16516954269473408,-0.5356721877424628,2.5985434260035896,0.005803116861556588
2023-02-08,29,0.0794520547945205,61,0.16879309679903615,-0.4966789381806816,2.3313331532275003,0.009793291343755483
2023-02-08,30,0.0821917808219178,145,0.17007967353768416,-0.5150273003493347,2.455743511427394,0.005443675403433162
2023-02-08,33,0.0904109589041095,90,0.1678662119491297,-0.5323281688434213,2.2642468876620754,0.0036331948857571505
2023-02-08,37,0.1013698630136986,649,0.1658198297798145,-0.43664383757917274,2.4980354848983906,0.019647111187346064
2023-02-08,44,0.1205479452054794,92,0.1837324183630488,-0.6179497782908097,2.0504583610361706,0.003482519302754751
2023-02-08,51,0.1397260273972602,360,0.17860705992604536,-0.5997479510828685,2.043794401433916,0.008430888260482002
2023-02-08,72,0.1972602739726027,579,0.17318904966370754,-0.6338474022253379,2.015022268461913,0.010044366191383084
2023-02-08,79,0.2164383561643835,291,0.16961899993737706,-0.610268386929876,2.0558388008527544,0.010772151438025077
2023-02-08,100,0.273972602739726,521,0.18005952379923587,-0.6584727426733114,1.5817770380632408,0.007397207779762184
2023-02-08,112,0.3068493150684931,162,0.18121611424677778,-0.7118994888618272,1.3768100743577238,0.005625105115122751
2023-02-08,128,0.3506849315068493,485,0.18051178999390521,-0.6959935295699201,1.459207694253509,0.008827149298983032
2023-02-08,142,0.3890410958904109,322,0.18207163328762918,-0.7109114140973511,1.3813208409183744,0.008466285622899914
2023-02-08,163,0.4465753424657534,208,0.1815480186214341,-0.7236835592810181,1.399284903587722,0.013339848992838086
2023-02-08,173,0.473972602739726,127,0.17824576437883022,-0.6741217602495654,1.4239718159467065,0.00791791184708795
2023-02-08,191,0.5232876712328767,126,0.18148234198479682,-0.7311870304181505,1.2751034281986369,0.006222763502013645
2023-02-09,1,0.0027397260273972,90,0.27671201768030496,0.999,5.0,0.17862968894636985
2023-02-09,4,0.010958904109589,76,0.13153547595303602,0.3352177644637084,5.0,0.04141427337560086
2023-02-09,5,0.0136986301369863,99,0.19884639199906817,-0.05707408017149872,5.0,0.03661943870565891
2023-02-09,6,0.0164383561643835,95,0.2042769149020624,-0.06465086787260375,3.5194359911119655,0.025719204833199217
2023-02-09,7,0.0191780821917808,113,0.2008515472061289,-0.11843910001669657,4.083514223537045,0.028818033753970768
2023-02-09,8,0.021917808219178,397,0.18796554586180048,0.059981027470658595,5.0,0.06584999933236906
2023-02-09,12,0.0328767123287671,102,0.17550891723423379,-0.2074227079506538,3.2741527034056292,0.018521247925587674
2023-02-09,13,0.0356164383561643,103,0.182553320553579,-0.25384579955667996,2.382717160501139,0.013704830831727329
2023-02-09,14,0.0383561643835616,101,0.17991407848387742,-0.2704629443368222,2.9662827331453228,0.018163095409715672
2023-02-09,15,0.0410958904109589,144,0.18039940577300437,-0.2962831200073838,2.5217065857266183,0.01828593232872914
2023-02-09,18,0.0493150684931506,109,0.17217670135048346,-0.31342866612301856,2.4241668840323927,0.012503571021335166
2023-02-09,19,0.0520547945205479,180,0.16686041585134384,-0.3069428747879665,2.318385113986115,0.01850777088642889
2023-02-09,20,0.0547945205479452,91,0.176333670974545,-0.40158651439882703,2.0470560787171856,0.012829571236746372
2023-02-09,21,0.0575342465753424,88,0.1741898111067714,-0.38213127437990796,2.5492525086639097,0.011356051719312029
2023-02-09,22,0.0602739726027397,146,0.1780515303519391,-0.4247023411192549,1.7610258686894633,0.016267141104284885
2023-02-09,25,0.0684931506849315,109,0.17004229073229116,-0.4052507445042451,2.1325881668500064,0.010025039847561281
2023-02-09,26,0.0712328767123287,74,0.16973882976509175,-0.385532876804632,2.248058341593869,0.010824946069363961
2023-02-09,27,0.073972602739726,47,0.17468905044710623,-0.4064982204157384,1.7417288329846583,0.010237938901387956
2023-02-09,28,0.0767123287671232,54,0.1756637540966363,-0.406794565551726,1.9431030471475106,0.0110032525087883
2023-02-09,29,0.0794520547945205,135,0.17785908308199985,-0.46544499683850443,1.9774164879548375,0.010367071322546809
2023-02-09,32,0.0876712328767123,94,0.174547943019103,-0.47903595896848616,1.8757413770298832,0.008682578395536883
2023-02-09,36,0.0986301369863013,577,0.1658594762661207,-0.3304246918745811,2.3262984955523525,0.025976439728371305
2023-02-09,43,0.1178082191780822,90,0.19167948678837993,-0.6039004624263737,1.5885680685431995,0.009104057786001474
2023-02-09,50,0.136986301369863,340,0.18514041649234814,-0.5269062301416904,1.644907227666119,0.015113103986389672
2023-02-09,64,0.1753424657534246,74,0.1885715054084591,-0.6595303858345457,1.4926566585255574,0.005099537590678482
2023-02-09,71,0.1945205479452054,558,0.18201541004151683,-0.5922684229409314,1.6939392916567864,0.010602125888780825
2023-02-09,78,0.2136986301369863,284,0.18549218686220925,-0.6863091524093984,1.5661205548510813,0.0049692652172392505
2023-02-09,99,0.2712328767123287,508,0.18413274280945877,-0.6264570590887316,1.435550444544526,0.009977437848814455
2023-02-09,111,0.3041095890410959,166,0.16889427980469693,-0.6116526841664597,1.927867360003606,0.01795716440403088
2023-02-09,127,0.347945205479452,482,0.1850025156580863,-0.6866375151249253,1.3748568073733747,0.011002552924737462
2023-02-09,141,0.3863013698630137,322,0.1683560420552722,-0.5801674912740348,1.799037902389281,0.020600531916850753
2023-02-09,162,0.4438356164383562,202,0.1879735725183963,-0.726774569582263,1.222022101052513,0.00482425188198263
2023-02-09,172,0.4712328767123288,127,0.17612971490738294,-0.6365500567376863,1.6170556374640082,0.015839707803107485
2023-02-09,190,0.5205479452054794,122,0.1859901546754915,-0.7295515929837882,1.1710420211057981,0.00800589443296297
2023-02-10,3,0.0082191780821917,152,0.28072487817272557,-0.8934315185878792,5.0,0.26118600303776823
2023-02-10,4,0.010958904109589,132,0.2971261466581195,-0.8118295838860966,5.0,0.23909809101392965
2023-02-10,5,0.0136986301369863,101,0.20332520423717435,-0.1975257755361017,4.545789369827415,0.023946589706525117
2023-02-10,6,0.0164383561643835,147,0.2788918549424982,-0.8021052773785188,5.0,0.17575148024383816
2023-02-10,7,0.0191780821917808,574,0.24372762369724982,-0.1960067233135658,5.0,0.10213277679455672
2023-02-10,11,0.0301369863013698,108,0.17379759489074004,-0.21938864674376948,3.4276712070917466,0.018835696457496814
2023-02-10,12,0.0328767123287671,108,0.18190164515371454,-0.3374785460091439,2.735037026046252,0.011486707664733024
2023-02-10,13,0.0356164383561643,122,0.18738763459950986,-0.5914688193463283,5.0,0.07486833034792385
2023-02-10,14,0.0383561643835616,188,0.16585944947470505,-0.41956986897240606,4.033186356789073,0.021433549532701535
2023-02-10,17,0.0465753424657534,115,0.17261889547509993,-0.3693897432736697,2.548936071840191,0.010621577545958492
2023-02-10,18,0.0493150684931506,220,0.1691317491167451,-0.34894499940631624,2.343632322943632,0.01728153682086418
2023-02-10,19,0.0520547945205479,95,0.17607421335075196,-0.4645716776379445,2.3098020415911904,0.007702650158785563
2023-02-10,20,0.0547945205479452,98,0.1738051540485331,-0.4071367531196039,2.6955768202631103,0.009650313116455745
2023-02-10,21,0.0575342465753424,162,0.1769863049663859,-0.5038802318001481,2.3406937061673503,0.008722354446106017
2023-02-10,24,0.0657534246575342,114,0.17084579358182705,-0.4436506215496365,2.1659474704942885,0.008348506253196187
2023-02-10,25,0.0684931506849315,80,0.17286841094103103,-0.3997520563965957,2.222777463578631,0.00993240715551862
2023-02-10,26,0.0712328767123287,53,0.17672599167028952,-0.4814340086478502,2.038367445761262,0.00740195727311947
2023-02-10,27,0.073972602739726,63,0.17373305246416695,-0.5021723510523362,2.5295650839547124,0.008580917538248684
2023-02-10,28,0.0767123287671232,142,0.1798158717298977,-0.5079516966869044,2.136069039303098,0.008849837434846335
2023-02-10,31,0.084931506849315,99,0.17731655847820088,-0.49257605381997255,1.7689560693336832,0.010207663059687462
2023-02-10,35,0.0958904109589041,649,0.17024384967370917,-0.38748839939731455,2.4385548844124747,0.02114230598470318
2023-02-10,38,0.1041095890410958,58,0.18368307048174692,-0.5402976907330651,1.7481490182169086,0.008429895155802702
2023-02-10,42,0.1150684931506849,96,0.19124866197262472,-0.6130293665013083,1.9507787954348796,0.004248403719617373
2023-02-10,49,0.1342465753424657,362,0.18344260553344843,-0.5838514006080666,1.99516223790749,0.007836625094364008
2023-02-10,63,0.1726027397260274,78,0.18288447444723158,-0.6346718572580549,2.0211841696222255,0.009172056943360601
2023-02-10,70,0.1917808219178082,584,0.17319015133634735,-0.6388749518138372,2.2023854819655195,0.01712572981129013
2023-02-10,77,0.210958904109589,291,0.17020336648828427,-0.5844974161480383,2.1782752031498065,0.017520394201258144
2023-02-10,98,0.2684931506849315,526,0.18341964386814621,-0.6635004103862343,1.6563268502391795,0.008062471837086723
2023-02-10,110,0.3013698630136986,166,0.18079297504746888,-0.6668487978299771,1.581547345518912,0.010880269434274758
2023-02-10,126,0.3452054794520548,483,0.18613573065922048,-0.6951626770976319,1.448507328168483,0.00797510732620883
2023-02-10,140,0.3835616438356164,322,0.17538517153015537,-0.6083843020869621,1.6439686137407854,0.013940106446169113
2023-02-10,161,0.4410958904109589,207,0.18132790049448042,-0.6954007753819088,1.4985606917352712,0.014275397584995946
2023-02-10,171,0.4684931506849315,127,0.17997124228895986,-0.6462292471296287,1.51611175693107,0.01191717794249352
2023-02-10,189,0.5178082191780822,128,0.17049602251216353,-0.6871460160408298,1.4996270974303703,0.020843578930879417
2023-02-13,1,0.0027397260273972,72,0.34889969458078085,0.999,5.0,0.12707092657624822
2023-02-13,2,0.0054794520547945,70,0.26903049781072297,0.32811950126286443,5.0,0.04370757082660753
2023-02-13,3,0.0082191780821917,86,0.24710170952115507,0.18595817757314165,5.0,0.04822005967003782
2023-02-13,4,0.010958904109589,342,0.27251487490301246,0.8715068368595641,5.0,0.14911199794405416
2023-02-13,8,0.021917808219178,85,0.16820389240337102,-0.027325130503836798,4.16664438684609,0.022139989292370068
2023-02-13,9,0.0246575342465753,84,0.17868821340832974,-0.01714269980474228,2.730961680954025,0.016920127904220494
2023-02-13,10,0.0273972602739726,97,0.17528791969618457,-0.07862225282431773,3.4645412996040803,0.019001713451419783
2023-02-13,11,0.0301369863013698,117,0.1741835819333081,-0.15470896238531945,3.091857848314695,0.02015445001917896
2023-02-13,14,0.0383561643835616,98,0.16617796995362227,-0.12293228065533306,2.497987659982016,0.013716691218524415
2023-02-13,15,0.0410958904109589,150,0.15769837778686965,-0.2166433787216902,2.757062856951919,0.018194274132192045
2023-02-13,16,0.0438356164383561,91,0.16910644351601317,-0.2677746354775501,2.21809474879117,0.009469804189507169
2023-02-13,17,0.0465753424657534,94,0.1674394985854462,-0.2397183378127498,2.6571403684581116,0.01250845332274282
2023-02-13,18,0.0493150684931506,126,0.16878923398054033,-0.31551150798864036,2.1120277106318666,0.013315874157723416
2023-02-13,21,0.0575342465753424,105,0.16298798073478105,-0.24059217081266673,2.0040793574602547,0.011664053041939902
2023-02-13,22,0.0602739726027397,73,0.16428007379546564,-0.32710411421639995,2.4511993186389165,0.009579059833186231
2023-02-13,23,0.0630136986301369,77,0.17160943104965146,-0.3462539344063848,1.7801122874301665,0.008862962961106915
2023-02-13,24,0.0657534246575342,68,0.16948360577817917,-0.355770101482077,2.183705789641788,0.008745245546269155
2023-02-13,25,0.0684931506849315,128,0.17190525452923988,-0.3400194153595003,1.8941904221952477,0.012680678299361032
2023-02-13,28,0.0767123287671232,95,0.1677109566689203,-0.40655477815563884,1.9570971836939586,0.008260317831193272
2023-02-13,29,0.0794520547945205,47,0.17833105495929572,-0.37352228018635175,1.697099712102039,0.011549977981462988
2023-02-13,32,0.0876712328767123,532,0.1580555100833026,-0.27278277588031385,2.5052996868916573,0.02591779413701612
2023-02-13,35,0.0958904109589041,50,0.17596800377964586,-0.441906255936583,1.6160418686539222,0.009053535167540356
2023-02-13,39,0.1068493150684931,89,0.18632556558296834,-0.554064469665697,1.5530623620261295,0.009778082084517203
2023-02-13,46,0.1260273972602739,296,0.17705409576208153,-0.4600571602400045,1.651488267512805,0.015895525856985164
2023-02-13,60,0.1643835616438356,73,0.18338378801918814,-0.6321122213180593,1.416612259801587,0.003942912332348018
2023-02-13,67,0.1835616438356164,553,0.17622249401140327,-0.5504128715644716,1.6653360199600664,0.010372027533850083
2023-02-13,74,0.2027397260273972,282,0.17981794765617246,-0.6691249867922903,1.5369453695332453,0.006718732557867136
2023-02-13,95,0.2602739726027397,504,0.17913974881557154,-0.6025267561179861,1.4329642826718252,0.009552723312395097
2023-02-13,107,0.2931506849315068,155,0.18207902317442862,-0.7100477398066228,1.199894508960362,0.007694307998946352
2023-02-13,123,0.336986301369863,465,0.18268416698648798,-0.6605767997615682,1.2659382851535126,0.006602796828418351
2023-02-13,137,0.3753424657534246,314,0.18563414772284892,-0.7400751410748935,1.1831864706567585,0.006133451471830423
2023-02-13,158,0.4328767123287671,201,0.18454193873168936,-0.7169593232588811,1.219334854752694,0.003435014598781508
2023-02-13,168,0.4602739726027397,126,0.18544783862353348,-0.7329021574664555,1.171347450534472,0.004284484914815495
2023-02-13,186,0.5095890410958904,121,0.1863608276884445,-0.7300350392197678,1.0970658198080399,0.004664113163929749
2023-02-14,1,0.0027397260273972,118,0.3009490100883741,-0.37627138427134227,5.0,0.1272904852175123
2023-02-14,2,0.0054794520547945,146,0.3944751019486532,-0.8851578254612449,5.0,0.2938217274490159
2023-02-14,3,0.0082191780821917,693,0.543250443221639,-0.44772780963804326,5.0,0.32873324581248653
2023-02-14,7,0.0191780821917808,118,0.15613552216003695,-0.4477830112825733,5.0,0.04547802407352819
2023-02-14,8,0.021917808219178,120,0.17090740434610138,-0.6585930743316101,5.0,0.09754225479482151
2023-02-14,9,0.0246575342465753,131,0.2364342435435632,-0.8217915728199526,5.0,0.17149619666161034
2023-02-14,10,0.0273972602739726,196,0.19399209976728957,-0.7087692874045541,5.0,0.08690394872363347
2023-02-14,13,0.0356164383561643,124,0.1307728693868511,-0.373520634279453,4.614788028470457,0.01629633574581882
2023-02-14,14,0.0383561643835616,282,0.13208158273069937,-0.4472371986701245,4.2226713505449505,0.018497545332789984
2023-02-14,15,0.0410958904109589,105,0.14540259766615335,-0.4153603646031966,3.613838944668574,0.007456276068820066
2023-02-14,16,0.0438356164383561,118,0.13497835320826881,-0.49338370860628805,5.0,0.02848717500324405
2023-02-14,17,0.0465753424657534,168,0.14317040126882513,-0.48288291773115666,3.9081411305716576,0.01302383760768008
2023-02-14,20,0.0547945205479452,119,0.1427363464406906,-0.4301767321064296,3.19525759491779,0.006989658400843306
2023-02-14,21,0.0575342465753424,85,0.14855336997509494,-0.4399601311498105,3.1644902647406603,0.007172092168007002
2023-02-14,22,0.0602739726027397,89,0.14956233940602484,-0.4862234810336288,3.0661886124669833,0.007838208771287415
2023-02-14,23,0.0630136986301369,87,0.133143397636004,-0.5054337090184332,4.206880993182244,0.023975344298665095
2023-02-14,24,0.0657534246575342,152,0.1540470470022807,-0.4842301987077617,3.0357816562871327,0.010036467059624531
2023-02-14,27,0.073972602739726,106,0.15306349238257355,-0.4907052585230963,2.683505019849544,0.006174313632556739
2023-02-14,28,0.0767123287671232,54,0.16699648483551427,-0.43116288089887617,2.096283782138389,0.00768085577434134
2023-02-14,29,0.0794520547945205,47,0.1669606590685008,-0.5298884288904231,2.1320661924480477,0.004503956229731651
2023-02-14,31,0.084931506849315,672,0.1482465078823292,-0.4559513366749136,3.0667658616526325,0.01892523518326542
2023-02-14,34,0.0931506849315068,59,0.16134605554207476,-0.5352303806946268,2.3104557273451882,0.004749466321569917
2023-02-14,38,0.1041095890410958,142,0.17050418669023717,-0.5730474952997824,2.3709919513843705,0.007327353567028131
2023-02-14,45,0.1232876712328767,368,0.15810822152392442,-0.5790460675841332,2.4949366156087787,0.013039180171982268
2023-02-14,59,0.1616438356164383,92,0.16554853302557956,-0.6096143973171468,2.2020343174763,0.009040361272053186
2023-02-14,66,0.1808219178082191,589,0.1434855737805035,-0.6439287578132596,2.752886315210303,0.028732683034856155
2023-02-14,73,0.2,291,0.150887448195134,-0.5542701293539948,2.444664642975948,0.02077249644762795
2023-02-14,94,0.2575342465753424,527,0.16793153164996413,-0.6690366003615364,1.846582774903414,0.01020887187628775
2023-02-14,106,0.2904109589041095,166,0.1630950415831598,-0.6157724449298839,1.7962247982095123,0.014655175865994066
2023-02-14,122,0.3342465753424657,491,0.17340356897198742,-0.7012156964090187,1.604839115854175,0.009732064891057383
2023-02-14,136,0.3726027397260274,322,0.16046263247513795,-0.5641599420749073,1.78816785598402,0.017296951431614922
2023-02-14,157,0.4301369863013699,208,0.1538352082244191,-0.6135408329159217,1.8728942769043713,0.02964517868390521
2023-02-14,167,0.4575342465753425,127,0.16837568295219213,-0.624809416274376,1.5935397644259488,0.012383046408783639
2023-02-14,185,0.5068493150684932,128,0.15590940870056286,-0.6718343102279514,1.641878817922605,0.024901856276589925
2023-02-15,1,0.0027397260273972,61,0.22979433664944376,0.999,5.0,0.16870804612085535
2023-02-15,2,0.0054794520547945,294,0.4125647652111478,0.999,5.0,0.35598904015732374
2023-02-15,6,0.0164383561643835,67,0.11362287070825143,0.180904582386863,5.0,0.030370847519140515
2023-02-15,7,0.0191780821917808,67,0.11463820780063494,-0.09103045644114316,4.990212531482953,0.017098808638440113
2023-02-15,8,0.021917808219178,86,0.11939440083377222,-0.06037693438427008,5.0,0.02168436600844849
2023-02-15,9,0.0246575342465753,106,0.12444282833023185,-0.17238653595162215,4.452280057098613,0.021205612140261003
2023-02-15,12,0.0328767123287671,88,0.12332868975600149,-0.08260315993200726,3.399032034352348,0.015908327204530306
2023-02-15,13,0.0356164383561643,138,0.11803199525403373,-0.24280926158870736,3.719299801278442,0.018643517672362633
2023-02-15,14,0.0383561643835616,88,0.1346770674386488,-0.21236362031353495,2.743355038933815,0.01140008421136948
2023-02-15,15,0.0410958904109589,93,0.13457633575420547,-0.21610875863670914,3.319219267274365,0.012383252504882043
2023-02-15,16,0.0438356164383561,124,0.13933651357730387,-0.3176561854466773,2.6412789154016063,0.012805368353894725
2023-02-15,19,0.0520547945205479,102,0.1349111478395346,-0.23287585574975328,2.4573974828628673,0.011444521180174921
2023-02-15,20,0.0547945205479452,73,0.13924214249633093,-0.28696626485974025,2.751789124993431,0.011488665415854055
2023-02-15,21,0.0575342465753424,79,0.14870915306915558,-0.33140590256530217,1.9785722957995366,0.012388893208892793
2023-02-15,22,0.0602739726027397,71,0.1467289271906703,-0.35567099535892055,2.433760522591666,0.008066830496101317
2023-02-15,23,0.0630136986301369,130,0.15150754456945015,-0.3326182717619125,2.1297809545229995,0.013697896924603511
2023-02-15,26,0.0712328767123287,96,0.14713246703406171,-0.4023442877697431,2.177765661103314,0.007975849731523531
2023-02-15,27,0.073972602739726,47,0.1587966558968377,-0.3295396860934411,1.9101444196739839,0.013500416314882156
2023-02-15,28,0.0767123287671232,46,0.1597844995759524,-0.4433251979528835,1.8485356766661356,0.00840737848066108
2023-02-15,29,0.0794520547945205,52,0.16163761224653475,-0.3656397383581916,1.7579899981868663,0.014993968261515054
2023-02-15,30,0.0821917808219178,533,0.13800879403207975,-0.2699439272630774,2.7666381548315258,0.025998940545508466
2023-02-15,33,0.0904109589041095,50,0.15592798415380774,-0.4233022264895196,1.87704694356643,0.008910145820236899
2023-02-15,37,0.1013698630136986,135,0.16930121705782775,-0.5870541208975198,1.7333643928744515,0.008135143962288009
2023-02-15,44,0.1205479452054794,315,0.16185747002169987,-0.4684669506737637,1.7967599033431125,0.015034483030589883
2023-02-15,58,0.1589041095890411,87,0.168681350343153,-0.6341325678855335,1.5980133867887127,0.0047696161108249785
2023-02-15,65,0.1780821917808219,560,0.16158673848664779,-0.5771780836477346,1.892890060812825,0.009030468187491376
2023-02-15,72,0.1972602739726027,285,0.16358644063444364,-0.644601037882105,1.8028276636255414,0.0057752021099085294
2023-02-15,93,0.2547945205479452,510,0.16830423397684252,-0.6140669639177586,1.5357892430334374,0.009196983362799322
2023-02-15,105,0.2876712328767123,158,0.17109284459996993,-0.7003478981633462,1.308373801442787,0.005228070862268682
2023-02-15,121,0.3315068493150685,469,0.17301467200590034,-0.6634837912734702,1.3445805729844897,0.007251333554856392
2023-02-15,135,0.3698630136986301,318,0.1745554884267933,-0.7125717371456645,1.3028363849287652,0.005949618998375818
2023-02-15,156,0.4273972602739726,202,0.1740664752841111,-0.706267899468108,1.328789331027329,0.005303748070698112
2023-02-15,166,0.4547945205479452,126,0.17888601504170132,-0.7453792780759896,1.152911345471816,0.005170277030201472
2023-02-15,184,0.5041095890410959,123,0.17750091985044142,-0.7252720993624074,1.1791251953709454,0.0072818716092496825
2023-02-16,1,0.0027397260273972,307,0.6989149373676312,-0.006022725184380325,5.0,0.4101612715682712
2023-02-16,5,0.0136986301369863,111,0.15553262999152126,-0.2617071420037309,5.0,0.04082141480531486
2023-02-16,6,0.0164383561643835,114,0.16130883480169228,-0.5140829183379964,5.0,0.02230161632999953
2023-02-16,7,0.0191780821917808,130,0.26220760805107735,-0.8706495387854921,5.0,0.17963718133593176
2023-02-16,8,0.021917808219178,194,0.21898663835523496,-0.7656267052426141,5.0,0.0961904709401851
2023-02-16,11,0.0301369863013698,124,0.14600701693157045,-0.47782969867903236,4.614479282141159,0.015600701045678943
2023-02-16,12,0.0328767123287671,273,0.1383626998004048,-0.5056572573720759,4.737910009747593,0.019313606394356087
2023-02-16,13,0.0356164383561643,105,0.15565692989547752,-0.5157647792500335,3.875203069937951,0.0072111832097611
2023-02-16,14,0.0383561643835616,117,0.16113816248800952,-0.6005238175978512,5.0,0.03737281403143997
2023-02-16,15,0.0410958904109589,168,0.153588107068911,-0.5709372159546895,4.1628761588698175,0.012067997754681203
2023-02-16,18,0.0493150684931506,119,0.15071952877714156,-0.5056251493037907,3.3962426783282775,0.006875209196342001
2023-02-16,19,0.0520547945205479,95,0.1565847854284329,-0.49399180214533905,3.341813621867711,0.00804268040992751
2023-02-16,20,0.0547945205479452,91,0.16166502132792285,-0.5486847012233995,3.040099288838378,0.0055144693154618694
2023-02-16,21,0.0575342465753424,87,0.15510599005786715,-0.5555102891689373,3.7917917014096387,0.012399208587870653
2023-02-16,22,0.0602739726027397,151,0.16623951533420975,-0.5534611891259392,3.0234683904442963,0.008118554719724261
2023-02-16,25,0.0684931506849315,104,0.16259959014739236,-0.5439799469780365,2.6371526092125,0.00530956059707129
2023-02-16,26,0.0712328767123287,78,0.1717030994888487,-0.48117967393206335,2.2272015022493057,0.01007434878059832
2023-02-16,27,0.073972602739726,56,0.16714131492362336,-0.5419918193017519,2.676464146817204,0.020349861312783407
2023-02-16,28,0.0767123287671232,66,0.14333898802750514,-0.5642614067756588,4.4668749490327695,0.0412638679816786
2023-02-16,29,0.0794520547945205,654,0.155226052766139,-0.44191244723793666,3.0504777017749203,0.021007902312194102
2023-02-16,32,0.0876712328767123,58,0.16804331951338494,-0.5601813543038745,2.361162474469475,0.005384177844736001
2023-02-16,36,0.0986301369863013,146,0.18143966455403862,-0.6280256461561309,2.178734635781744,0.008442725275483775
2023-02-16,43,0.1178082191780822,360,0.17108525200919172,-0.5965567723467076,2.30695749228836,0.010473243919295412
2023-02-16,57,0.1561643835616438,92,0.17948055837113092,-0.6856218456295996,1.910516612211373,0.012257214646916564
2023-02-16,64,0.1753424657534246,583,0.16636194828882836,-0.652525133398697,2.32161094187967,0.014814959443028308
2023-02-16,71,0.1945205479452054,291,0.16303077200393182,-0.6174963916926789,2.297780080279737,0.016252416898023023
2023-02-16,92,0.2520547945205479,522,0.177642906013514,-0.6664697332683264,1.7057190014152028,0.009760702169321477
2023-02-16,104,0.284931506849315,163,0.17738750088722094,-0.6968987880051865,1.5465041971385842,0.004664835297914365
2023-02-16,120,0.3287671232876712,483,0.1814987535960029,-0.7022426992101861,1.4905335536224134,0.006094087616001318
2023-02-16,134,0.3671232876712328,322,0.17827562765090968,-0.6797100455686843,1.5160103595405499,0.007166656904418272
2023-02-16,155,0.4246575342465753,206,0.18031087714051564,-0.7138556528635411,1.4639557357975685,0.008290686229854467
2023-02-16,165,0.4520547945205479,127,0.17720343690929882,-0.6626443968866244,1.5021884645804837,0.010404155960798656
2023-02-16,183,0.5013698630136987,124,0.18307589357961854,-0.7347727505700076,1.2868763572670763,0.006067214979754308
2023-02-17,4,0.010958904109589,71,0.09870524075743455,0.8329229534570467,5.0,0.058904198407548014
2023-02-17,5,0.0136986301369863,73,0.11249888516554216,0.006450529371609666,5.0,0.027551048121520944
2023-02-17,6,0.0164383561643835,125,0.1851301605489491,-0.658627946584224,5.0,0.16374221076637555
2023-02-17,7,0.0191780821917808,162,0.12765456247504242,-0.16880033763483643,5.0,0.02211022578441969
2023-02-17,10,0.0273972602739726,102,0.12338912261562368,-0.1876870421779113,3.9806298057593703,0.01994342008003086
2023-02-17,11,0.0301369863013698,159,0.12162211325500198,-0.22697105786566052,4.069284391395232,0.023656830499923738
2023-02-17,12,0.0328767123287671,94,0.13933670595501918,-0.3543566232474246,3.4491361988226794,0.013292751023115546
2023-02-17,13,0.0356164383561643,100,0.14114265004648782,-0.3140149308591165,3.694994707246801,0.01703545279338378
2023-02-17,14,0.0383561643835616,151,0.1484650977027853,-0.40822445542223146,3.020507682868012,0.013225390833105363
2023-02-17,17,0.0465753424657534,109,0.14114128942851117,-0.3745464880321238,2.9385103795921106,0.013394215285601196
2023-02-17,18,0.0493150684931506,86,0.14806733619224746,-0.3655165001084983,3.053827391091086,0.013636225650079799
2023-02-17,19,0.0520547945205479,93,0.15481883410184663,-0.4651529073964771,2.6042689652867996,0.009045829868646599
2023-02-17,20,0.0547945205479452,78,0.15799876538951627,-0.4023301947580587,2.568514175281395,0.012231226368345768
2023-02-17,21,0.0575342465753424,143,0.16105122883719244,-0.4803150891817311,2.5979038946580677,0.011787669441374497
2023-02-17,24,0.0657534246575342,100,0.15736852518240027,-0.46945383954679776,2.3337352684779895,0.011716052462238917
2023-02-17,25,0.0684931506849315,75,0.16603049501838213,-0.4239588127364723,2.107918424392554,0.012584109392343957
2023-02-17,26,0.0712328767123287,85,0.16869796839468548,-0.5154786799313371,1.9592609076719476,0.010630502085623912
2023-02-17,27,0.073972602739726,56,0.1683396905292502,-0.45051624549605507,2.1632602078061285,0.011220369773813202
2023-02-17,28,0.0767123287671232,599,0.1468044695817346,-0.3326198868992179,2.9172744145462177,0.02755158450154299
2023-02-17,31,0.084931506849315,89,0.1639839448456472,-0.505138021073394,2.105306235590366,0.008245904910028015
2023-02-17,32,0.0876712328767123,56,0.1653889333373697,-0.5106649145326849,2.1210171843755528,0.008088977193891312
2023-02-17,35,0.0958904109589041,153,0.1769201281428721,-0.6208405432520755,2.1845173372476734,0.005810149962645774
2023-02-17,42,0.1150684931506849,351,0.16866020897250625,-0.5743136231017364,2.1970946685357613,0.01271109266129275
2023-02-17,56,0.1534246575342465,97,0.1771441599173913,-0.6802735368359524,1.8369473696396907,0.006088170130345258
2023-02-17,63,0.1726027397260274,577,0.16497278527467282,-0.6341234802456212,2.2104290467771954,0.01783026503206156
2023-02-17,70,0.1917808219178082,291,0.16480185973405817,-0.6357350346249592,2.1493977645752205,0.012665495652025566
2023-02-17,91,0.2493150684931507,518,0.1757939348316816,-0.6575001123341218,1.6562579555635688,0.011188853146929073
2023-02-17,103,0.2821917808219178,166,0.1711951238837669,-0.6662969987104012,1.692648569784544,0.01148068589185342
2023-02-17,119,0.3260273972602739,482,0.17991860223946118,-0.6951713714909037,1.4599843378690283,0.007328694287269235
2023-02-17,133,0.3643835616438356,322,0.16839635378837448,-0.6132684705705609,1.6957683697719734,0.01550829209931246
2023-02-17,154,0.421917808219178,414,0.16857557148031108,-0.6569894706602954,1.6397752036567086,0.02905272925261564
2023-02-17,164,0.4493150684931506,126,0.1762917151937087,-0.660232705544101,1.494137277232858,0.016606557151293607
2023-02-17,182,0.4986301369863014,123,0.1843809987064661,-0.7374049385024188,1.216673525828166,0.004572844285158053
2023-02-21,1,0.0027397260273972,104,0.2727907305453621,0.5326258665315762,5.0,0.10567293373005995
2023-02-21,2,0.0054794520547945,130,0.3783692537398161,-0.7354119325338926,5.0,0.25884953930293486
2023-02-21,3,0.0082191780821917,194,0.36210606564792086,-0.7735740603013923,5.0,0.20521269569943246
2023-02-21,6,0.0164383561643835,125,0.20596110848232815,-0.6025107258900482,5.0,0.08301580008094434
2023-02-21,7,0.0191780821917808,248,0.16652724946903188,-0.27049481427981437,5.0,0.025917732231321294
2023-02-21,8,0.021917808219178,109,0.1800198015373314,-0.42536626118222265,4.346372094968694,0.016105110195024686
2023-02-21,9,0.0246575342465753,124,0.23497899652144197,-0.7383826509441179,5.0,0.09073653236023194
2023-02-21,10,0.0273972602739726,168,0.18034347942628873,-0.525275604308281,4.681329332277741,0.01652634816641109
2023-02-21,13,0.0356164383561643,117,0.1732488806441494,-0.47382462879717946,3.522276538420117,0.013421144673747349
2023-02-21,14,0.0383561643835616,95,0.17829989700963486,-0.4596155205285056,3.7146083446619365,0.01430517225374069
2023-02-21,15,0.0410958904109589,100,0.18558419928528144,-0.520779013197689,3.2099144164366513,0.009388208206172888
2023-02-21,16,0.0438356164383561,100,0.1791954065564063,-0.542999000675925,4.240739696900194,0.019444447557114056
2023-02-21,17,0.0465753424657534,152,0.1909325133089297,-0.5450978832818236,3.2333591491388924,0.011975167861738755
2023-02-21,20,0.0547945205479452,105,0.18427752558436392,-0.5426912557605161,2.830603806224492,0.009424996841124803
2023-02-21,21,0.0575342465753424,78,0.1925845629741697,-0.5133701521994336,2.6685979321695856,0.010587775716744036
2023-02-21,22,0.0602739726027397,103,0.1829714475935986,-0.5638591253458524,4.047767826136635,0.03256016297296169
2023-02-21,23,0.0630136986301369,89,0.17593884093371764,-0.5954401576490456,4.951417247631081,0.04642680669451339
2023-02-21,24,0.0657534246575342,658,0.17289393156735497,-0.42291911911584673,3.2799241379523254,0.026286859541391153
2023-02-21,27,0.073972602739726,100,0.18912537634551532,-0.5590313852809923,2.353840943700575,0.008858946540059906
2023-02-21,28,0.0767123287671232,61,0.1560246866961952,-0.5248322654288528,4.367276665987593,0.059897456848326154
2023-02-21,29,0.0794520547945205,65,0.16905145202531915,-0.49001709191551607,4.1014289196184786,0.05044969563650647
2023-02-21,31,0.084931506849315,157,0.20205039214052328,-0.6438255135728058,2.390450462826809,0.008020665889767506
2023-02-21,38,0.1041095890410958,365,0.1887307582498609,-0.6095248599294838,2.4641117234405674,0.011966807402680284
2023-02-21,52,0.1424657534246575,99,0.19667621594664808,-0.6829734198903908,2.077397897069824,0.007188400715974151
2023-02-21,59,0.1616438356164383,583,0.18433263377400788,-0.6697795105329127,2.40487646356666,0.016448552658447326
2023-02-21,66,0.1808219178082191,291,0.18295279674748816,-0.6667285488740865,2.320010426573561,0.017229765761334764
2023-02-21,87,0.2383561643835616,524,0.19256450221329036,-0.6868998629951593,1.7633824367968098,0.009457379416854275
2023-02-21,99,0.2712328767123287,164,0.19207182611290563,-0.7117086526216602,1.5892332283086483,0.0054608653231545436
2023-02-21,115,0.3150684931506849,489,0.19492746996713411,-0.7181758163213827,1.5467399422722408,0.00745342855343356
2023-02-21,129,0.3534246575342465,322,0.18793766950479374,-0.6769086255608001,1.6475013995294703,0.011918855768940596
2023-02-21,150,0.410958904109589,415,0.185617920612041,-0.6924300747217965,1.659392981018774,0.02367284993170967
2023-02-21,160,0.4383561643835616,127,0.19268662293489822,-0.6985839970932809,1.4950712267206152,0.010496617226413806
2023-02-21,178,0.4876712328767123,126,0.1922009514801662,-0.7466715259913005,1.3768849409786226,0.012961679381321358
2023-02-22,1,0.0027397260273972,86,0.2611321670341164,0.999,5.0,0.17265524456063416
2023-02-22,2,0.0054794520547945,112,0.20993221013505237,0.8617640102591891,5.0,0.0863400856466313
2023-02-22,5,0.0136986301369863,97,0.13970311792947648,-0.028293893204345468,5.0,0.03447200410508238
2023-02-22,6,0.0164383561643835,150,0.14038607052922783,0.0020726255096021437,5.0,0.03725217436489565
2023-02-22,7,0.0191780821917808,99,0.14625609747130763,-0.30604783316450385,4.751537403085154,0.023357161701279248
2023-02-22,8,0.021917808219178,99,0.150596549425105,-0.3424353771255779,5.0,0.028207941564273423
2023-02-22,9,0.0246575342465753,132,0.15698511525611572,-0.33792919930641263,4.012311004812335,0.02301864597593286
2023-02-22,12,0.0328767123287671,107,0.14855746843358078,-0.39882070676639736,3.675922456591713,0.019945770728544553
2023-02-22,13,0.0356164383561643,83,0.15935698518725988,-0.461150783612882,4.127111706265638,0.019088147915596074
2023-02-22,14,0.0383561643835616,90,0.16709320513185164,-0.4642412743049096,3.1600343287383086,0.014262960182747307
2023-02-22,15,0.0410958904109589,85,0.16793827157482874,-0.3783671949282437,3.0046755528861944,0.01886861107985368
2023-02-22,16,0.0438356164383561,138,0.17530804257067265,-0.45053514108028875,2.8726469930204703,0.018358246100827105
2023-02-22,19,0.0520547945205479,97,0.1699756271150821,-0.486098145563366,2.7566416831389775,0.014740526394957232
2023-02-22,20,0.0547945205479452,74,0.17849661592618998,-0.42595599575962373,2.47577849804381,0.01618322798399051
2023-02-22,21,0.0575342465753424,94,0.18462335116509754,-0.5205367198850331,2.144449527148808,0.014271923117264043
2023-02-22,22,0.0602739726027397,77,0.18382590034683488,-0.4462323812275457,2.34701562919466,0.014317841269372687
2023-02-22,23,0.0630136986301369,558,0.15500216105784093,-0.3460742607605635,3.3415732368963473,0.03431942627630486
2023-02-22,26,0.0712328767123287,96,0.1784611670121622,-0.5071887713036874,2.1586699551129382,0.013082748317942986
2023-02-22,27,0.073972602739726,54,0.1777534658870073,-0.4525072451422911,2.091272725670451,0.012487659467887406
2023-02-22,28,0.0767123287671232,53,0.19231251900769034,-0.5383671714638075,1.8785496226485128,0.010830637061731496
2023-02-22,29,0.0794520547945205,57,0.1950062274254527,-0.5257463929827304,1.9871417190200824,0.01111783599267249
2023-02-22,30,0.0821917808219178,152,0.19345619952050486,-0.6072271486298536,2.0012349775641707,0.012491125316750746
2023-02-22,37,0.1013698630136986,344,0.1822372738986472,-0.5255153867527403,2.0748523299893553,0.016132622362214955
2023-02-22,51,0.1397260273972602,96,0.19153602795532526,-0.680891698782948,1.6689282798343517,0.005440722081238413
2023-02-22,58,0.1589041095890411,560,0.18264367941393878,-0.6048250504965254,1.941362232495412,0.011878456141363064
2023-02-22,65,0.1780821917808219,284,0.18906948548005637,-0.7131157354305749,1.71148010373617,0.005909560381401667
2023-02-22,86,0.2356164383561644,510,0.18637418804148412,-0.6419437543032933,1.5940147868365366,0.009661564505752765
2023-02-22,98,0.2684931506849315,187,0.189867262572048,-0.7255127485615986,1.315588819838723,0.005624880230772874
2023-02-22,114,0.3123287671232876,473,0.18994575512167264,-0.6877257814258564,1.3916875168805514,0.007491972457962091
2023-02-22,128,0.3506849315068493,318,0.19294374474697595,-0.7449921290089976,1.2960757186899634,0.004991983391707387
2023-02-22,149,0.4082191780821917,401,0.19230964439192508,-0.7245824066422898,1.264203552717253,0.006218461367605089
2023-02-22,159,0.4356164383561643,124,0.1978904818833099,-0.790397159935881,1.053727155988675,0.012595388093840334
2023-02-22,177,0.4849315068493151,121,0.19344475739425346,-0.742760242710972,1.1692127457383368,0.0049088285229034355
2023-02-23,1,0.0027397260273972,188,0.6350436850559076,-0.8585851983147856,5.0,0.41528021072332993
2023-02-23,4,0.010958904109589,127,0.30692837044429755,-0.9102798170243122,5.0,0.24284125499805098
2023-02-23,5,0.0136986301369863,306,0.371544028654544,-0.8777296757773895,5.0,0.2313184359201729
2023-02-23,6,0.0164383561643835,127,0.28663351770662493,-0.9286824948693874,5.0,0.21388916650854845
2023-02-23,7,0.0191780821917808,137,0.2687759141838183,-0.8643254716456855,5.0,0.19043146004222067
2023-02-23,8,0.021917808219178,175,0.265054502975902,-0.8631959869011314,5.0,0.16683209477513483
2023-02-23,11,0.0301369863013698,138,0.22662344478893154,-0.8313886487439076,5.0,0.1471510878459444
2023-02-23,12,0.0328767123287671,132,0.22000251102454102,-0.771448702978714,5.0,0.1327440194088136
2023-02-23,13,0.0356164383561643,124,0.21800978005238722,-0.7853087921219624,5.0,0.11858018623584111
2023-02-23,14,0.0383561643835616,120,0.217964002888187,-0.758736293758425,5.0,0.1191073529900856
2023-02-23,15,0.0410958904109589,173,0.18862821948688263,-0.6774009173302118,5.0,0.07644609528965529
2023-02-23,18,0.0493150684931506,129,0.17398336077486007,-0.6503902460619155,5.0,0.06262334883635515
2023-02-23,19,0.0520547945205479,111,0.1781124099801301,-0.5296658267497222,3.178067624842915,0.009115968026505513
2023-02-23,20,0.0547945205479452,117,0.1790289218924662,-0.5763095620551189,3.244095651135901,0.008582866252370777
2023-02-23,21,0.0575342465753424,107,0.1579112325135578,-0.5474702240141223,4.902101926271425,0.03877475699551008
2023-02-23,22,0.0602739726027397,701,0.14298989507960153,-0.6563232507656348,5.0,0.05109278391835478
2023-02-23,25,0.0684931506849315,125,0.15041575141030275,-0.5468250635513703,4.531730468767957,0.035469124749205085
2023-02-23,26,0.0712328767123287,98,0.15770766123016527,-0.5630519021977592,4.035716552162043,0.02883124181380071
2023-02-23,27,0.073972602739726,65,0.17746143437519105,-0.5813010637943908,3.4092722789087833,0.020454117952522492
2023-02-23,28,0.0767123287671232,68,0.16302699317857866,-0.6007245709114171,4.245444310079344,0.04486173300714685
2023-02-23,29,0.0794520547945205,166,0.16372652388431003,-0.6127015349778797,4.096081809497162,0.035497809553880794
2023-02-23,36,0.0986301369863013,373,0.13841110188746958,-0.6574211606846285,3.8709351266369594,0.04061048402585154
2023-02-23,50,0.136986301369863,111,0.166542951216422,-0.5901297801311662,2.9694138862642134,0.02483435644266827
2023-02-23,57,0.1561643835616438,600,0.14334140218892827,-0.7063961959559766,3.428180899960772,0.04658313882832733
2023-02-23,64,0.1753424657534246,296,0.15839485334506423,-0.6367043501298885,2.780141835909748,0.029375286854899284
2023-02-23,71,0.1945205479452054,77,0.17660694702252042,-0.691291672138208,2.497282647433872,0.022437710690032017
2023-02-23,85,0.2328767123287671,577,0.15791681810187577,-0.7166872449299176,2.5993797636636673,0.040107383797935235
2023-02-23,97,0.2657534246575342,197,0.17189743603972293,-0.651941708497373,2.02511551723174,0.0177016888940295
2023-02-23,113,0.3095890410958904,528,0.17302714829577526,-0.7208852050192235,1.9630543815097856,0.02159951601233946
2023-02-23,127,0.347945205479452,322,0.17261628659079079,-0.6357049336167275,1.8091404916875247,0.017286842026831787
2023-02-23,148,0.4054794520547945,416,0.15945299485766906,-0.6375861161051138,2.020536281628919,0.036542696308393206
2023-02-23,158,0.4328767123287671,127,0.18035041195936596,-0.6682347871023039,1.612385016906438,0.013703657289550433
2023-02-23,176,0.4821917808219178,200,0.16972852417787745,-0.7014965227885851,1.7365392487906046,0.02945248820845167
2023-02-24,3,0.0082191780821917,84,0.11425092987130638,0.999,5.0,0.06321765516838038
2023-02-24,4,0.010958904109589,138,0.13089214466772295,0.8536015382578328,5.0,0.05932210968729344
2023-02-24,5,0.0136986301369863,93,0.1285105440794361,0.031228831991833416,5.0,0.02775521511744001
2023-02-24,6,0.0164383561643835,100,0.13212316037897873,-0.004284087378248449,5.0,0.035131178809467145
2023-02-24,7,0.0191780821917808,119,0.13577241837568516,-0.23165639360631896,5.0,0.024338057775223507
2023-02-24,10,0.0273972602739726,107,0.12509980268696133,-0.2609482874838467,4.274405889952669,0.021261956579103312
2023-02-24,11,0.0301369863013698,108,0.13827555441630968,-0.24314023757115596,4.144393550174415,0.022178692361250963
2023-02-24,12,0.0328767123287671,109,0.1498208092371242,-0.22663844813485243,2.9899811839954413,0.017889270073216283
2023-02-24,13,0.0356164383561643,98,0.1533216254480202,-0.31307722323172454,3.5247854087583472,0.015957864036559858
2023-02-24,14,0.0383561643835616,136,0.16269525510915545,-0.3174232127947755,3.043383520047311,0.02040631662020203
2023-02-24,17,0.0465753424657534,112,0.15832263209972647,-0.3798981897518519,2.8399496543934957,0.014720625288224693
2023-02-24,18,0.0493150684931506,103,0.17365806982358914,-0.37890554787408554,2.6466423672250565,0.014670654379109542
2023-02-24,19,0.0520547945205479,108,0.17780120197337623,-0.45155025599769255,2.387624979037678,0.011966259795966069
2023-02-24,20,0.0547945205479452,92,0.1787852271500337,-0.4236067806322319,2.5793739439224352,0.01270189713176328
2023-02-24,21,0.0575342465753424,539,0.14426853704178252,-0.2791533862177511,3.543601802883681,0.03601156338295234
2023-02-24,24,0.0657534246575342,111,0.17261223872725212,-0.4472740734890684,2.1534519788890787,0.013871942112418378
2023-02-24,25,0.0684931506849315,81,0.174608231349437,-0.4198104131861186,2.237123019328257,0.01170688256485859
2023-02-24,26,0.0712328767123287,90,0.19118800727679855,-0.45609978374604104,1.6388181184393478,0.014740396188801292
2023-02-24,27,0.073972602739726,57,0.18972004624142444,-0.4263972333237542,1.899116425353267,0.01378647683876094
2023-02-24,28,0.0767123287671232,162,0.1883656547094113,-0.5370224715042563,1.96150975659773,0.012342261940343451
2023-02-24,31,0.084931506849315,50,0.18873697162066688,-0.45882247102658663,1.5240136930814003,0.011757865064395709
2023-02-24,35,0.0958904109589041,325,0.1773310830044679,-0.4197453648880651,1.9368963511993065,0.019923238922906733
2023-02-24,41,0.1123287671232876,57,0.18788985333423536,-0.6099551594263701,1.711615136214948,0.004670930356917181
2023-02-24,49,0.1342465753424657,103,0.18893354803638465,-0.6419704279617502,1.5701795197532227,0.00637213055793438
2023-02-24,56,0.1534246575342465,574,0.18046642669986676,-0.5666965875361685,1.9095175545946688,0.01323791585820447
2023-02-24,63,0.1726027397260274,290,0.18742923552939286,-0.6825096554889478,1.699481201340631,0.005923038728381285
2023-02-24,70,0.1917808219178082,77,0.19054645689109467,-0.6695423560180818,1.7289500370460877,0.008432029659329323
2023-02-24,84,0.2301369863013698,551,0.18587630094677718,-0.6122391668903865,1.5609444466771767,0.010867678738078777
2023-02-24,96,0.2630136986301369,262,0.18890630871243105,-0.7115559159186964,1.274103697477046,0.004522390289950795
2023-02-24,112,0.3068493150684931,504,0.1898636459576094,-0.6651765275077177,1.3488557299200592,0.009274000123582343
2023-02-24,126,0.3452054794520548,319,0.19123338738790524,-0.7192046530139014,1.285262252401324,0.007174158214255433
2023-02-24,147,0.4027397260273972,404,0.19169341448047134,-0.7167950581649568,1.2774335169804691,0.006462021426637315
2023-02-24,157,0.4301369863013699,127,0.19406344432364733,-0.7422351171234144,1.211644647824289,0.006693479576921246
2023-02-24,175,0.4794520547945205,195,0.1942678482179883,-0.73393721515661,1.1423698860387754,0.0046265579594671246
2023-02-27,1,0.0027397260273972,131,0.32812266565743614,0.999,5.0,0.20297035812496877
2023-02-27,2,0.0054794520547945,91,0.17466547501899748,0.6905305475153238,5.0,0.06331888251673204
2023-02-27,3,0.0082191780821917,101,0.17144362400063762,0.42811280180392675,5.0,0.06695930155210397
2023-02-27,4,0.010958904109589,120,0.16265381875696697,0.0794767117928183,5.0,0.03854058188618929
2023-02-27,7,0.0191780821917808,106,0.125018057452963,-0.15475297544419492,5.0,0.025893779406916204
2023-02-27,8,0.021917808219178,108,0.1378960789667023,-0.183453544318018,5.0,0.02526290066057677
2023-02-27,9,0.0246575342465753,110,0.15092203276422528,-0.1767143525938968,3.5464423999400005,0.01896672187088357
2023-02-27,10,0.0273972602739726,107,0.15367871502790792,-0.19885417412042675,3.7640975070802174,0.019343250582306147
2023-02-27,11,0.0301369863013698,144,0.16455270961664378,-0.21955308848941602,3.2830488349063645,0.022514405844339426
2023-02-27,14,0.0383561643835616,113,0.1563999961946349,-0.3263120564173077,3.1223172764634093,0.01581929693545739
2023-02-27,15,0.0410958904109589,104,0.174557905885433,-0.3029879373376851,2.7404757423595028,0.01721169799927337
2023-02-27,16,0.0438356164383561,108,0.17821753962889514,-0.4068881662760702,2.6106525087999577,0.012340892117972055
2023-02-27,17,0.0465753424657534,101,0.1795149354340925,-0.33641504314695986,2.5987872931953206,0.01392259913871699
2023-02-27,18,0.0493150684931506,552,0.14193830075378872,-0.22372125617559435,3.8498346370190704,0.037904759421101435
2023-02-27,21,0.0575342465753424,112,0.1711057348761828,-0.41548404978009634,2.3824692228125555,0.012160725750088813
2023-02-27,22,0.0602739726027397,84,0.17440553797369765,-0.34625211098154723,2.1444878327790424,0.013627885974703982
2023-02-27,23,0.0630136986301369,91,0.19066136651959908,-0.45070850370795956,1.8798262146206564,0.010638810202992031
2023-02-27,24,0.0657534246575342,81,0.19141442938951211,-0.42088646503509614,2.1503487671289525,0.011480439571757373
2023-02-27,25,0.0684931506849315,164,0.18726160418954255,-0.5054816110784022,2.1114961868129742,0.012197212795974677
2023-02-27,28,0.0767123287671232,51,0.18756839920569432,-0.43468041205198044,1.7024313143889755,0.010386411544775763
2023-02-27,29,0.0794520547945205,56,0.18507133238405565,-0.4506481683576946,1.943192729301434,0.009813662791833095
2023-02-27,32,0.0876712328767123,338,0.17461082927584215,-0.4709028291256322,2.2958812657873815,0.01669802340936652
2023-02-27,38,0.1041095890410958,58,0.18335358108113206,-0.5822117258805005,1.8857440759209918,0.005356043880094175
2023-02-27,46,0.1260273972602739,106,0.18364550124328896,-0.6296579974291973,1.8866124705387517,0.006081196350743317
2023-02-27,53,0.1452054794520547,581,0.17344686066728382,-0.5725001376052951,2.1186663239223837,0.01223428746660598
2023-02-27,60,0.1643835616438356,295,0.17387203168811824,-0.640045835214003,2.1048162041459606,0.013105321570251195
2023-02-27,67,0.1835616438356164,79,0.17829085751019044,-0.6420202054041645,2.295215605890265,0.019029350240715094
2023-02-27,81,0.2219178082191781,555,0.18166210322203133,-0.6177982323887325,1.6495936999257863,0.009278789104881422
2023-02-27,93,0.2547945205479452,264,0.18350990885647353,-0.6889711801667151,1.383423202170943,0.004867923064514094
2023-02-27,109,0.2986301369863013,505,0.18562992946889414,-0.6623521847633649,1.4056488219284167,0.008277950546927504
2023-02-27,123,0.336986301369863,320,0.18533282410796142,-0.6961118920266399,1.3990342644369729,0.0072109382984890565
2023-02-27,144,0.3945205479452054,408,0.18676815112054412,-0.7087188788807044,1.3518795207945244,0.008188705122838794
2023-02-27,154,0.421917808219178,127,0.18520221202144635,-0.6808119107326422,1.4059568035705783,0.009218160910652078
2023-02-27,172,0.4712328767123288,196,0.19072465933909305,-0.7285485848697268,1.1883109950742718,0.0051763128492489045
2023-02-27,200,0.547945205479452,131,0.18947611190611724,-0.7208255181188753,1.0856139298371608,0.00487888155140224
2023-02-28,1,0.0027397260273972,129,0.5445270343303319,-0.8934168757530592,5.0,0.3949284803625792
2023-02-28,2,0.0054794520547945,134,0.4389040040498674,-0.8428980221571462,5.0,0.31046298973826303
2023-02-28,3,0.0082191780821917,172,0.45525669492905285,-0.926287544896856,5.0,0.2980704473071968
2023-02-28,6,0.0164383561643835,136,0.313157571812643,-0.9274272737708414,5.0,0.22095499655968018
2023-02-28,7,0.0191780821917808,134,0.3196856881303548,-0.9127044739621208,5.0,0.22424631216916255
2023-02-28,8,0.021917808219178,131,0.32046980389546464,-0.9519961740591824,5.0,0.2306447838801939
2023-02-28,9,0.0246575342465753,124,0.31237022043913404,-0.9327903966272114,5.0,0.21542274646366488
2023-02-28,10,0.0273972602739726,173,0.2963113232811114,-0.8800487110741306,5.0,0.16283098934192886
2023-02-28,13,0.0356164383561643,133,0.2751095128635734,-0.8856920142337671,5.0,0.16076044710838425
2023-02-28,14,0.0383561643835616,123,0.28763500831218314,-0.8652266794681752,5.0,0.16629631404218514
2023-02-28,15,0.0410958904109589,128,0.270482650391725,-0.8415974911935024,5.0,0.14130488942463998
2023-02-28,16,0.0438356164383561,115,0.2705477063130207,-0.8198084004759307,5.0,0.14493166550389083
2023-02-28,17,0.0465753424657534,699,0.2605644284123696,-0.7429811596814325,5.0,0.12763818558761042
2023-02-28,20,0.0547945205479452,131,0.23788173689405034,-0.7455678468714504,5.0,0.1237907481867322
2023-02-28,21,0.0575342465753424,98,0.22518401904781235,-0.7230494353854567,5.0,0.10177499517775188
2023-02-28,22,0.0602739726027397,107,0.2127082821672554,-0.6508612986176522,5.0,0.08280452124668908
2023-02-28,23,0.0630136986301369,92,0.2209539356619425,-0.6865614374111247,5.0,0.08636948122879916
2023-02-28,24,0.0657534246575342,182,0.1947951778467198,-0.6969516152299599,5.0,0.06886798145325075
2023-02-28,27,0.073972602739726,64,0.19717285126853315,-0.5699327509567789,5.0,0.08877794698575539
2023-02-28,28,0.0767123287671232,57,0.1920050710626599,-0.685614133246471,3.2630259788472853,0.01314451186279972
2023-02-28,29,0.0794520547945205,52,0.19089316249753063,-0.7045106834955629,3.3203629789486357,0.013214619385836075
2023-02-28,31,0.084931506849315,373,0.15561214170217735,-0.7515792276160934,5.0,0.061816127603022235
2023-02-28,37,0.1013698630136986,71,0.1484351825834583,-0.6722195807886661,5.0,0.05360463127796694
2023-02-28,45,0.1232876712328767,154,0.15119796197421326,-0.5748454998850303,4.125537626029333,0.040634081690120775
2023-02-28,52,0.1424657534246575,606,0.12722333687294418,-0.8120388600718604,4.872702279086154,0.06425183540922384
2023-02-28,59,0.1616438356164383,298,0.1512495322078358,-0.6794528778935952,3.524803555399313,0.04026807014464032
2023-02-28,66,0.1808219178082191,97,0.16194149028745305,-0.6195136132954396,3.342922227283791,0.03875054968214581
2023-02-28,80,0.2191780821917808,575,0.1577188423787937,-0.7739598323087931,3.2114206657936046,0.05251393353258014
2023-02-28,92,0.2520547945205479,270,0.16208394987870775,-0.6223480245034451,2.50235095722966,0.029624620161008027
2023-02-28,108,0.2958904109589041,528,0.15235693615302529,-0.7584590045312918,2.779150805091204,0.05455914686577024
2023-02-28,122,0.3342465753424657,322,0.16567983840086686,-0.6183268146305061,2.1594827902139446,0.027101773262088458
2023-02-28,143,0.3917808219178082,416,0.14750863487061133,-0.6404469857629062,2.4139858209024605,0.05220167524005075
2023-02-28,153,0.4191780821917808,127,0.17917757166192194,-0.6491136440216652,1.7777084027802224,0.01821724203582717
2023-02-28,171,0.4684931506849315,203,0.16417056681773629,-0.7020263581287807,1.9933667601243932,0.04017106490808825
2023-02-28,199,0.5452054794520548,137,0.15336371041121655,-0.7257791215461471,1.8585081777669552,0.041874507458676186
